{"test_name":"case5_HVDCptp","ac_case":"case5_stagg","dc_case":"case5_stagg_HVDCptp","converged":1,"baseMVA":100,"bus":[[1,3,0,0,0,0,1,1.06,0,345,1,1.1,0.9],[2,2,20,10,0,0,1,1,-2.5945383847914076,345,1,1.1,0.9],[3,1,45,15,0,0,1,1,-3.0420673767606945,345,1,1.1,0.9],[4,1,40,5,0,0,1,0.994472487543201,-3.7756212526560842,345,1,1.1,0.9],[5,1,60,10,0,0,1,0.97549772541338,-5.7152253596733305,345,1,1.1,0.9]],"gen":[[1,133.55075249366544,84.236690329616152,500,-500,1.06,100,1,250,10,0,0,0,0,0,0,0,0,0,0,0],[2,40,-18.526421792431368,300,-300,1,100,1,300,10,0,0,0,0,0,0,0,0,0,0,0]],"branch":[[1,2,0.02,0.06,0.06,100,100,100,0,0,1,-360,360,104.31905160572678,69.667211532064357,-101.43243436534304,-67.37815981091282],[1,3,0.08,0.24,0.05,100,100,100,0,0,1,-360,360,29.231700887938661,14.56947879755181,-28.408273431819847,-17.408196429195403],[2,3,0.06,0.18,0.04,100,100,100,0,0,1,-360,360,3.9104715874937628,-3.2865435468300044,-3.9003033980930635,-0.68295188496775883],[2,4,0.06,0.18,0.04,100,100,100,0,0,1,-360,360,11.205660790761261,-2.5470010198142559,-11.130141164437292,-1.2043911581744948],[2,5,0.04,0.12,0.03,100,100,100,0,0,1,-360,360,46.316301987113953,4.6852825851257061,-45.442918966946216,-4.9925272430523711],[3,4,0.01,0.03,0.02,100,100,100,0,0,1,-360,360,43.804458401649981,3.0952333174770992,-43.610898250471422,-4.5035283924223766],[4,5,0.08,0.24,0.05,100,100,100,0,0,1,-360,360,14.741039414917006,0.70791955062089007,-14.557081033051054,-5.0074727569405528]],"busdc":[[1,2,1,-58.627360146590036,1.0150175857561694,345,1.1,0.9,0],[2,3,1,57.759945216036357,1,345,1.1,0.9,0]],"convdc":[[1,1,1,-60,-40,1,0.0015,0.1121,0.088700000000000015,0.0001,0.16428,345,1.1,0.9,1.2,1,1.103,0.887,2.885,4.371,0,0,0,0,0.88986547390656667,-13.228356118575556,-59.916121816261935,-32.63066384250709,1.2887616696719033,0.95658543957139552,-6.5904538843401665,-59.921999999999983,-34.1708,-42.287344087384007],[2,2,2,56.495881571707464,0.0040850033139389064,1,0.0015,0.1121,0.088700000000000015,0.0001,0.16428,345,1.1,0.9,1.2,1,1.103,0.887,2.885,4.371,0,0,0,0,0.9984709331738375,5.9018143907645859,56.546965637255596,-0.069562902829023443,1.212979578780756,1.0028537683192207,0.57866226174497715,56.543758341476249,3.5820755973670364,-5.3386224898393468]],"branchdc":[[1,2,0.052,0,0,100,100,100,1,58.627360146589822,-57.759945216036357]]}