{"test_name":"case5_MTDCslack","ac_case":"case5_stagg","dc_case":"case5_stagg_MTDCslack","converged":1,"baseMVA":100,"bus":[[1,3,0,0,0,0,1,1.06,0,345,1,1.1,0.9],[2,2,20,10,0,0,1,1,-2.3832343846770785,345,1,1.1,0.9],[3,1,45,15,0,0,1,1,-3.8954761898133423,345,1,1.1,0.9],[4,1,40,5,0,0,1,0.99601768864365126,-4.2615252203390463,345,1,1.1,0.9],[5,1,60,10,0,0,1,0.9907594904361946,-4.1494160267887423,345,1,1.1,0.9]],"gen":[[1,133.63675272199248,84.323116781676475,500,-500,1.06,100,1,250,10,0,0,0,0,0,0,0,0,0,0,0],[2,40,-32.842713107650248,300,-300,1,100,1,300,10,0,0,0,0,0,0,0,0,0,0,0]],"branch":[[1,2,0.02,0.06,0.06,100,100,100,0,0,1,-360,360,98.375864934606753,71.365339649588066,-95.659008157932675,-69.585569319565735],[1,3,0.08,0.24,0.05,100,100,100,0,0,1,-360,360,35.260887787385741,12.957777132088417,-34.198643950655551,-15.080045621897831],[2,3,0.06,0.18,0.04,100,100,100,0,0,1,-360,360,13.253315616699702,-6.2242769813819043,-13.137218682188943,2.572567784914308],[2,4,0.06,0.18,0.04,100,100,100,0,0,1,-360,360,17.075891728159732,-5.182261070841081,-16.89486400985886,1.7412417535617144],[2,5,0.04,0.12,0.03,100,100,100,0,0,1,-360,360,25.329800813073632,-1.8506057358615344,-25.07311211962881,-0.35173473563810503],[3,4,0.01,0.03,0.02,100,100,100,0,0,1,-360,360,23.092464599890224,4.644638960014956,-23.035952212861556,-6.4671530350204929],[4,5,0.08,0.24,0.05,100,100,100,0,0,1,-360,360,-0.069183777279349684,-0.27408871854093153,0.073112119628798544,-4.648265264361763]],"busdc":[[1,2,1,-58.627360146590036,1.0079102826297957,345,1.1,0.9,0],[2,3,1,21.901316160204942,1,345,1.1,0.9,0],[3,5,1,36.185561542965452,0.99778405957185767,345,1.1,0.9,0]],"convdc":[[1,1,1,-60,-40,1,0.0015,0.1121,0.088700000000000015,0.0001,0.16428,345,1.1,0.9,1.2,1,1.103,0.887,2.885,4.371,0,0,0,0,0.88986547390656678,-13.017052118461226,-59.916121816261935,-32.63066384250709,1.2887616696719033,0.95658543957139552,-6.3791498842258374,-59.922,-34.1708,-42.287344087384007],[2,2,2,20.756601967045381,7.1371611230314329,1,0.0015,0.1121,0.088700000000000015,0.0001,0.16428,345,1.1,0.9,1.2,1,1.103,0.887,2.885,4.371,0,0,0,0,1.0069750847521466,-0.65481541364463713,20.764254107439221,-0.646397574905766,1.1370620527657214,1.0085780786140059,-2.5796141945494324,20.763828600957087,7.6772315640337441,-1.3455962356268434],[3,1,1,35,5,1,0.0015,0.1121,0.088700000000000015,0.0001,0.16428,345,1.1,0.9,1.2,1,1.103,0.887,2.885,4.371,0,0,0,0,0.99548099319470662,1.4416447642365218,35.020339103527775,-0.36893472122953974,1.1652224394376722,0.99772986978522415,-1.8790401702426631,35.019101381996,6.4275099478346043,-2.4022636536221471]],"branchdc":[[1,2,0.052,0,0,100,100,100,1,30.66482769645733,-30.424163960752537],[2,3,0.052,0,0,100,100,100,1,8.5228478005475949,-8.5039616775434581],[1,3,0.073,0,0,100,100,100,1,27.962532450133263,-27.681599865423362]]}