{"test_name":"case5_MTDCdroop","ac_case":"case5_stagg","dc_case":"case5_stagg_MTDCdroop","converged":1,"baseMVA":100,"bus":[[1,3,0,0,0,0,1,1.06,0,345,1,1.1,0.9],[2,2,20,10,0,0,1,1,-2.3832303100624919,345,1,1.1,0.9],[3,1,45,15,0,0,1,1,-3.8954895723430694,345,1,1.1,0.9],[4,1,40,5,0,0,1,0.99601760894305957,-4.2615473833605817,345,1,1.1,0.9],[5,1,60,10,0,0,1,0.99075869571980613,-4.1495438814711827,345,1,1.1,0.9]],"gen":[[1,133.63673291067826,84.323125169365483,500,-500,1.06,100,1,250,10,0,0,0,0,0,0,0,0,0,0,0],[2,40,-32.842745894869076,300,-300,1,100,1,300,10,0,0,0,0,0,0,0,0,0,0,0]],"branch":[[1,2,0.02,0.06,0.06,100,100,100,0,0,1,-360,360,98.375750391538332,71.365372606203408,-95.658896749508628,-69.585611680114283],[1,3,0.08,0.24,0.05,100,100,100,0,0,1,-360,360,35.26098251913993,12.957752563162073,-34.198734477414718,-15.080008437986441],[2,3,0.06,0.18,0.04,100,100,100,0,0,1,-360,360,13.253469246102323,-6.2243237240510583,-13.13736963131257,2.5726225684204724],[2,4,0.06,0.18,0.04,100,100,100,0,0,1,-360,360,17.076134122131041,-5.1822893090869639,-16.895101329048813,1.7412855336843918],[2,5,0.04,0.12,0.03,100,100,100,0,0,1,-360,360,25.331708784409891,-1.8505211816167551,-25.074981450395086,-0.3517010060555239],[3,4,0.01,0.03,0.02,100,100,100,0,0,1,-360,360,23.093001651720119,4.6447288565356635,-23.036486682805084,-6.4672350271154269],[4,5,0.08,0.24,0.05,100,100,100,0,0,1,-360,360,-0.068411988145899,-0.27405050656919983,0.072340380032428347,-4.6482989939438406]],"busdc":[[1,2,1,-58.6249556032205,1.0079122219838859,345,1.1,0.9,0],[2,3,1,21.901612598870326,1.0000021881921004,345,1.1,0.9,0],[3,5,1,36.182912243114039,0.9977865612155653,345,1.1,0.9,0]],"convdc":[[1,3,1,-59.997584596865572,-40,1,0.0015,0.1121,0.088700000000000015,0.0001,0.16428,345,1.1,0.9,1.1,1,1.103,0.887,2.885,4.371,0.005,-58.6274,1.0079,0,0.88986428677629636,-13.016627641210155,-59.913711044926387,-32.631452889459482,1.2887554417058946,0.9565852870334447,-6.378983873806428,-59.91958894450363,-34.17112491348955,-42.287666412331312],[2,3,2,20.756897542993009,7.1373429869696912,1,0.0015,0.1121,0.088700000000000015,0.0001,0.16428,345,1.1,0.9,1.1,1,1.103,0.887,2.885,4.371,0.007,21.9013,1,0,1.0069756340175573,-0.65478444846488659,20.764550044587736,-0.64618421374751378,1.137062554282589,1.0085782944085366,-2.5796091857649284,20.764124399900854,7.6774300932170441,-1.3454015674774888],[3,3,1,34.997358929636682,5,1,0.0015,0.1121,0.088700000000000015,0.0001,0.16428,345,1.1,0.9,1.1,1,1.103,0.887,2.885,4.371,0.005,36.1856,0.9978,0,0.99547947750636356,1.4411063968952487,35.017695135030515,-0.36942699950968105,1.1652171080835276,0.99772892357753362,-1.8793357875140133,35.016457517285026,6.4273011169210568,-2.402455736924987]],"branchdc":[[1,2,0.052,0,0,100,100,100,1,30.663922057869215,-30.423273463303111],[2,3,0.052,0,0,100,100,100,1,8.5216608644327874,-8.5027800840514409],[1,3,0.073,0,0,100,100,100,1,27.961033545350922,-27.680132159062961]]}